,sum_sq,df,F,PR(>F)
C(computer_use_label),187.4035110090205,6.0,17.411280401964216,3.607666078653104e-20
Residual,21589.463869824718,12035.0,,
